397,751,287,48,2339,1654,paragraph,Generatedpdf
394,630,115,50,2339,1654,paragraph,Generatedpdf
326,203,34,33,2339,1654,paragraph,Generatedpdf
280,275,34,35,2339,1654,paragraph,Generatedpdf
277,850,459,82,2339,1654,paragraph,Generatedpdf
277,331,517,84,2339,1654,paragraph,Generatedpdf
193,187,138,52,2339,1654,paragraph,Generatedpdf
1999,511,307,71,2339,1654,paragraph,Generatedpdf
1884,508,240,68,2339,1654,paragraph,Generatedpdf
193,274,1104,274,2339,1654,paragraph,Generatedpdf
184,177,1282,359,2339,1654,paragraph,Generatedpdf
1632,176,1223,276,2339,1654,paragraph,Generatedpdf
1249,177,1244,318,2339,1654,paragraph,Generatedpdf
866,177,1282,317,2339,1654,paragraph,Generatedpdf
596,176,1271,204,2339,1654,paragraph,Generatedpdf
253,178,1287,206,2339,1654,paragraph,Generatedpdf
1049,176,1290,418,2339,1654,paragraph,Generatedpdf
751,176,1227,234,2339,1654,paragraph,Generatedpdf
454,177,1274,233,2339,1654,paragraph,Generatedpdf
183,176,1296,201,2339,1654,paragraph,Generatedpdf
2158,805,44,52,2339,1654,footer,Generatedpdfpopulated
2007,553,33,33,2339,1654,paragraph,Generatedpdfpopulated
2005,665,69,35,2339,1654,paragraph,Generatedpdfpopulated
2005,609,35,35,2339,1654,paragraph,Generatedpdfpopulated
1621,340,35,46,2339,1654,paragraph,Generatedpdfpopulated
1575,460,99,89,2339,1654,paragraph,Generatedpdfpopulated
1573,1312,34,35,2339,1654,paragraph,Generatedpdfpopulated
1573,281,94,51,2339,1654,paragraph,Generatedpdfpopulated
1461,615,61,46,2339,1654,paragraph,Generatedpdfpopulated
1461,564,45,47,2339,1654,paragraph,Generatedpdfpopulated
1460,1311,35,47,2339,1654,paragraph,Generatedpdfpopulated
1460,223,52,72,2339,1654,paragraph,Generatedpdfpopulated
1455,340,35,52,2339,1654,paragraph,Generatedpdfpopulated
1347,670,60,52,2339,1654,paragraph,Generatedpdfpopulated
1346,806,66,47,2339,1654,paragraph,Generatedpdfpopulated
1341,1311,35,52,2339,1654,paragraph,Generatedpdfpopulated
1340,222,153,96,2339,1654,paragraph,Generatedpdfpopulated
1276,340,35,46,2339,1654,paragraph,Generatedpdfpopulated
1145,1060,42,36,2339,1654,paragraph,Generatedpdfpopulated
1092,1311,35,46,2339,1654,paragraph,Generatedpdfpopulated
1091,1204,88,47,2339,1654,paragraph,Generatedpdfpopulated
1045,266,1080,136,2339,1654,paragraph,Generatedpdfpopulated
794,186,1171,95,2339,1654,paragraph,Generatedpdfpopulated
839,632,70,6,2339,1654,paragraph,Generatedpdfpopulated
839,495,8,6,2339,1654,paragraph,Generatedpdfpopulated
551,186,273,33,2339,1654,paragraph,Generatedpdfpopulated
454,1035,34,33,2339,1654,paragraph,Generatedpdfpopulated
454,211,33,33,2339,1654,paragraph,Generatedpdfpopulated
453,601,52,35,2339,1654,paragraph,Generatedpdfpopulated
411,471,33,33,2339,1654,paragraph,Generatedpdfpopulated
397,192,58,47,2339,1654,paragraph,Generatedpdfpopulated
396,278,178,48,2339,1654,paragraph,Generatedpdfpopulated
394,619,545,51,2339,1654,paragraph,Generatedpdfpopulated
311,850,35,46,2339,1654,paragraph,Generatedpdfpopulated
311,366,199,47,2339,1654,paragraph,Generatedpdfpopulated
306,567,279,52,2339,1654,paragraph,Generatedpdfpopulated
305,888,399,53,2339,1654,paragraph,Generatedpdfpopulated
263,191,143,52,2339,1654,paragraph,Generatedpdfpopulated
198,187,138,47,2339,1654,paragraph,Generatedpdfpopulated
90,186,888,59,2339,1654,header,Generatedpdfpopulated
